{"cameraMode":{"drawMode":0,"name":"Shaded","section":"Shading Mode"},"sceneLighting":true,"audioPlay":false,"sceneViewState":{"showFog":false,"showMaterialUpdate":false,"showSkybox":false,"showFlares":false,"showImageEffects":false,"showParticleSystems":true},"in2DMode":false,"pivot":{"x":36.09629821777344,"y":1.2063935995101929,"z":38.52130126953125},"rotation":{"x":-0.05423343926668167,"y":-0.06840929388999939,"z":0.003994913771748543,"w":-0.9963258504867554},"size":27.33515739440918,"orthographic":true}