{"cameraMode":{"drawMode":0,"name":"Shaded","section":"Shading Mode"},"sceneLighting":true,"audioPlay":false,"sceneViewState":{"showFog":false,"showMaterialUpdate":false,"showSkybox":false,"showFlares":false,"showImageEffects":false,"showParticleSystems":true},"in2DMode":false,"pivot":{"x":348.2613830566406,"y":101.29328918457031,"z":-751.88037109375},"rotation":{"x":-0.054911039769649509,"y":0.1936345398426056,"z":-0.010383826680481434,"w":-0.979736328125},"size":25.8728084564209,"orthographic":true}