{"cameraMode":{"drawMode":0,"name":"Shaded","section":"Shading Mode"},"sceneLighting":true,"audioPlay":false,"sceneViewState":{"showFog":false,"showMaterialUpdate":false,"showSkybox":false,"showFlares":false,"showImageEffects":false,"showParticleSystems":true},"in2DMode":false,"pivot":{"x":370.7630615234375,"y":97.69212341308594,"z":-742.1693115234375},"rotation":{"x":-0.05327685922384262,"y":0.2098049521446228,"z":-0.010932641103863716,"w":-0.976491391658783},"size":38.3389778137207,"orthographic":true}