{"cameraMode":{"drawMode":0,"name":"Shaded","section":"Shading Mode"},"sceneLighting":false,"audioPlay":false,"sceneViewState":{"showFog":false,"showMaterialUpdate":false,"showSkybox":false,"showFlares":false,"showImageEffects":false,"showParticleSystems":true},"in2DMode":false,"pivot":{"x":-0.02231001853942871,"y":0.518154501914978,"z":-0.14781486988067628},"rotation":{"x":0.038494404405355456,"y":-0.14191098511219026,"z":0.005522805731743574,"w":0.9891161322593689},"size":7.935370922088623,"orthographic":true}