{"cameraMode":{"drawMode":0,"name":"Shaded","section":"Shading Mode"},"sceneLighting":true,"audioPlay":false,"sceneViewState":{"showFog":false,"showMaterialUpdate":false,"showSkybox":false,"showFlares":false,"showImageEffects":false,"showParticleSystems":true},"in2DMode":false,"pivot":{"x":22.51429557800293,"y":-2.1033835411071779,"z":26.926910400390626},"rotation":{"x":0.12660659849643708,"y":-0.2815912365913391,"z":0.03742152824997902,"w":0.9504834413528442},"size":68.30475616455078,"orthographic":true}