{"cameraMode":{"drawMode":0,"name":"Shaded","section":"Shading Mode"},"sceneLighting":true,"audioPlay":false,"sceneViewState":{"showFog":false,"showMaterialUpdate":false,"showSkybox":false,"showFlares":false,"showImageEffects":false,"showParticleSystems":true},"in2DMode":false,"pivot":{"x":36.09629821777344,"y":1.2063935995101929,"z":38.52130126953125},"rotation":{"x":-0.04771188646554947,"y":-0.16068992018699647,"z":0.008059564046561718,"w":-0.9859762787818909},"size":29.48863983154297,"orthographic":true}