{"cameraMode":{"drawMode":0,"name":"Shaded","section":"Shading Mode"},"sceneLighting":true,"audioPlay":false,"sceneViewState":{"showFog":false,"showMaterialUpdate":false,"showSkybox":false,"showFlares":false,"showImageEffects":false,"showParticleSystems":true},"in2DMode":false,"pivot":{"x":12.140000343322754,"y":2.940000057220459,"z":16.639999389648439},"rotation":{"x":0.038494404405355456,"y":-0.14191098511219026,"z":0.005522805731743574,"w":0.9891161322593689},"size":5.394371032714844,"orthographic":true}