{"cameraMode":{"drawMode":0,"name":"Shaded","section":"Shading Mode"},"sceneLighting":false,"audioPlay":false,"sceneViewState":{"showFog":false,"showMaterialUpdate":false,"showSkybox":false,"showFlares":false,"showImageEffects":false,"showParticleSystems":true},"in2DMode":false,"pivot":{"x":0.9600710868835449,"y":4.620915412902832,"z":0.30535316467285159},"rotation":{"x":0.038494404405355456,"y":-0.14191098511219026,"z":0.005522805731743574,"w":0.9891161322593689},"size":30.406410217285158,"orthographic":true}