{"cameraMode":{"drawMode":0,"name":"Shaded","section":"Shading Mode"},"sceneLighting":true,"audioPlay":false,"sceneViewState":{"showFog":false,"showMaterialUpdate":false,"showSkybox":false,"showFlares":false,"showImageEffects":false,"showParticleSystems":true},"in2DMode":false,"pivot":{"x":36.09629821777344,"y":1.2063935995101929,"z":38.52130126953125},"rotation":{"x":-0.0363607220351696,"y":-0.03703131899237633,"z":0.0016209459863603116,"w":-0.9988035559654236},"size":30.668554306030275,"orthographic":true}