{"cameraMode":{"drawMode":0,"name":"Shaded","section":"Shading Mode"},"sceneLighting":true,"audioPlay":false,"sceneViewState":{"showFog":false,"showMaterialUpdate":false,"showSkybox":false,"showFlares":false,"showImageEffects":false,"showParticleSystems":true},"in2DMode":false,"pivot":{"x":10.001317977905274,"y":2.7700002193450929,"z":0.012590814381837845},"rotation":{"x":0.3714338541030884,"y":-0.11055905371904373,"z":0.044565074145793918,"w":0.9208438992500305},"size":0.9283775091171265,"orthographic":true}