{"cameraMode":{"drawMode":0,"name":"Shaded","section":"Shading Mode"},"sceneLighting":false,"audioPlay":false,"sceneViewState":{"showFog":false,"showMaterialUpdate":false,"showSkybox":false,"showFlares":false,"showImageEffects":false,"showParticleSystems":true},"in2DMode":false,"pivot":{"x":24.205963134765626,"y":0.9244381189346314,"z":17.48874282836914},"rotation":{"x":0.11083240061998368,"y":-0.1793917566537857,"z":0.020248467102646829,"w":0.9773797392845154},"size":2.8926072120666506,"orthographic":true}