{"cameraMode":{"drawMode":0,"name":"Shaded","section":"Shading Mode"},"sceneLighting":false,"audioPlay":false,"sceneViewState":{"showFog":false,"showMaterialUpdate":false,"showSkybox":false,"showFlares":false,"showImageEffects":false,"showParticleSystems":true},"in2DMode":false,"pivot":{"x":23.100000381469728,"y":2.0999999046325685,"z":-6.0},"rotation":{"x":0.1007341593503952,"y":0.0014706999063491822,"z":-0.00024584599304944277,"w":0.9949843883514404},"size":4061.534912109375,"orthographic":true}