{"cameraMode":{"drawMode":0,"name":"Shaded","section":"Shading Mode"},"sceneLighting":true,"audioPlay":false,"sceneViewState":{"showFog":false,"showMaterialUpdate":false,"showSkybox":false,"showFlares":false,"showImageEffects":false,"showParticleSystems":true},"in2DMode":false,"pivot":{"x":27.35844612121582,"y":1.223827600479126,"z":24.74570083618164},"rotation":{"x":-0.14366187155246736,"y":-0.05771123245358467,"z":0.008825832977890969,"w":-0.9881554841995239},"size":10.332284927368164,"orthographic":true}