{"cameraMode":{"drawMode":0,"name":"Shaded","section":"Shading Mode"},"sceneLighting":true,"audioPlay":false,"sceneViewState":{"showFog":false,"showMaterialUpdate":false,"showSkybox":false,"showFlares":false,"showImageEffects":false,"showParticleSystems":true},"in2DMode":false,"pivot":{"x":22.51429557800293,"y":-2.1033835411071779,"z":26.926910400390626},"rotation":{"x":0.0942302867770195,"y":-0.026393530890345575,"z":0.002436855575069785,"w":0.9952440857887268},"size":36.99953842163086,"orthographic":true}