{"cameraMode":{"drawMode":0,"name":"Shaded","section":"Shading Mode"},"sceneLighting":true,"audioPlay":false,"sceneViewState":{"showFog":false,"showMaterialUpdate":false,"showSkybox":false,"showFlares":false,"showImageEffects":false,"showParticleSystems":true},"in2DMode":false,"pivot":{"x":26.990196228027345,"y":1.2722972631454468,"z":25.780447006225587},"rotation":{"x":-0.09575695544481278,"y":0.013885274529457093,"z":-0.0011371063301339746,"w":-0.9954319596290588},"size":83.2964859008789,"orthographic":true}