{"cameraMode":{"drawMode":0,"name":"Shaded","section":"Shading Mode"},"sceneLighting":false,"audioPlay":false,"sceneViewState":{"showFog":false,"showMaterialUpdate":false,"showSkybox":false,"showFlares":false,"showImageEffects":false,"showParticleSystems":true},"in2DMode":false,"pivot":{"x":2.9802322387695315e-8,"y":1.666260004043579,"z":-0.5383139848709106},"rotation":{"x":0.038494404405355456,"y":-0.14191098511219026,"z":0.005522805731743574,"w":0.9891161322593689},"size":7.518073081970215,"orthographic":true}