{"cameraMode":{"drawMode":0,"name":"Shaded","section":"Shading Mode"},"sceneLighting":true,"audioPlay":false,"sceneViewState":{"showFog":false,"showMaterialUpdate":false,"showSkybox":false,"showFlares":false,"showImageEffects":false,"showParticleSystems":true},"in2DMode":false,"pivot":{"x":26.990196228027345,"y":1.2722972631454468,"z":25.780447006225587},"rotation":{"x":0.10616490244865418,"y":0.027303365990519525,"z":-0.0031035495921969415,"w":0.9940851926803589},"size":37.85915756225586,"orthographic":true}